{"initial_reset_timestamp": 1573378954.3399765, "timestamps": [1573378964.0749547], "episode_lengths": [801], "episode_rewards": [1.1000000014901161], "episode_types": ["t"]}